<Addin  id          = "CodeAnalysis"
        namespace   = "MonoDevelop"
	name        = "MonoDevelop CodeAnalysis addin"
	author      = "Ben Motmans"
	copyright   = "MIT/X11"
	url         = "http://code.google.com/p/md-codeanalysis"
	description = "MonoDevelop CodeAnalysis addin"
	category    = "Code Analysis"
	version     = "4.2.3">

	<Dependencies>
		<Addin id="Core" version="4.2.3"/>
		<Addin id="Ide" version="4.2.3"/>
	</Dependencies>

	<Extension path="/MonoDevelop/Ide/Commands">
		<Command id="MonoDevelop.CodeAnalysis.CodeAnalysisCommands.Analyze" _label="Analyze"
			defaultHandler="MonoDevelop.CodeAnalysis.AnalyzeHandler"/>
	</Extension>

	<Extension path="/MonoDevelop/Ide/ContextMenu/ProjectPad/Tools">
		<Condition id="ItemType" value="Project|Solution">
			<CommandItem id="MonoDevelop.CodeAnalysis.CodeAnalysisCommands.Analyze" />
		</Condition>
	</Extension>

	<Runtime>
		<Import assembly="MonoDevelop.CodeAnalysis.dll"/>
	</Runtime>

	<Localizer type="Gettext" catalog="monodevelop-codeanalysis" />
</Addin>
